{
  "K": [
    [
      469.66777723267546,
      0.0,
      318.6898244524627
    ],
    [
      0.0,
      470.45211589509057,
      237.47524664771797
    ],
    [
      0.0,
      0.0,
      1.0
    ]
  ],
  "D": [
    [
      0.09013974454063005,
      -0.17487311619787924,
      -0.0011085899681379063,
      0.0008370052234405603,
      0.150729110348772
    ]
  ],
  "image_size": [
    640,
    480
  ],
  "reprojection_error": 0.0999585032879682,
  "num_frames": 25,
  "board": {
    "cols": 9,
    "rows": 6,
    "square_mm": 25.0
  }
}